{"volume":0.16883116883116883,"id":3,"currentTime":190.569296}