{"volume":0.16883116883116883,"id":7,"currentTime":164.700272}