{
    "volume": 0.16883116883116883,
    "id": 1,
    "currentTime": 90.497338
}